{"entities":{"pages":{"Getting-Started":{"id":"Getting-Started","title":"Getting Started","url":"getting-started.html","level":0,"pages":["Dependencies"],"tabIndex":0},"Dependencies":{"id":"Dependencies","title":"Dependencies","url":"dependencies.html","level":1,"parentId":"Getting-Started","tabIndex":0},"Overview":{"id":"Overview","title":"Overview","url":"overview.html","level":0,"pages":["src","shaders","objects","obscure"],"tabIndex":1},"src":{"id":"src","title":"src","url":"src.html","level":1,"parentId":"Overview","tabIndex":0},"shaders":{"id":"shaders","title":"shaders","url":"shaders.html","level":1,"parentId":"Overview","tabIndex":1},"objects":{"id":"objects","title":"objects","url":"objects.html","level":1,"parentId":"Overview","tabIndex":2},"obscure":{"id":"obscure","title":"obscure","url":"obscure.html","level":1,"parentId":"Overview","tabIndex":3},"Assignment2":{"id":"Assignment2","title":"Assignment 2","url":"assignment2.html","level":0,"pages":["Buildings","Floor","Animations","Cars","Drones","Global-State","Menu-Overlay","Top-Down-Camera","Free-Camera"],"tabIndex":2},"Buildings":{"id":"Buildings","title":"Buildings","url":"buildings.html","level":1,"parentId":"Assignment2","tabIndex":0},"Floor":{"id":"Floor","title":"Floor","url":"floor.html","level":1,"parentId":"Assignment2","tabIndex":1},"Animations":{"id":"Animations","title":"Animations","url":"animations.html","level":1,"parentId":"Assignment2","tabIndex":2},"Cars":{"id":"Cars","title":"Cars","url":"cars.html","level":1,"parentId":"Assignment2","tabIndex":3},"Drones":{"id":"Drones","title":"Drones","url":"drones.html","level":1,"parentId":"Assignment2","tabIndex":4},"Global-State":{"id":"Global-State","title":"Global State","url":"global-state.html","level":1,"parentId":"Assignment2","tabIndex":5},"Menu-Overlay":{"id":"Menu-Overlay","title":"Menu \u0026 Overlay","url":"menu-overlay.html","level":1,"parentId":"Assignment2","tabIndex":6},"Top-Down-Camera":{"id":"Top-Down-Camera","title":"Top Down Camera","url":"top-down-camera.html","level":1,"parentId":"Assignment2","tabIndex":7},"Free-Camera":{"id":"Free-Camera","title":"Free Camera","url":"free-camera.html","level":1,"parentId":"Assignment2","tabIndex":8},"Assignment-4":{"id":"Assignment-4","title":"Assignment 4","url":"assignment-4.html","level":0,"tabIndex":3}}},"topLevelIds":["Getting-Started","Overview","Assignment2","Assignment-4"]}